tour_name,url_slug,title_tag,meta_description,h1,hero_tagline,short_overview,itinerary,highlights,unique_selling_points,included,excluded,price_from_zar,primary_keyword,secondary_keywords,lsi_keywords,faqs,schema_jsonld,internal_links,external_links,image_alt_text,video_idea,cta_primary,cta_secondary,review_snippet,cancellation_policy,,,,,,
Aquila Big 5 Day Safari,aquila-safari-tour,Aquila Safari Day Trip from Cape Town | Big 5 & Buffet Lunch,"Full?day malaria?free Big 5 safari at Aquila Game Reserve incl. breakfast, 4×4 game drive, buffet lunch & return transport from Cape Town.","One Day, Five Icons",Just 2 Hours to the Wild,Swap the city for roaring lions and towering elephants on Cape Town’s closest Big 5 adventure.,Early pickup > scenic N1 drive with guide commentary > Welcome drink & buffet breakfast on arrival > 2?3 h open?vehicle game drive with ranger > Karoo buffet lunch > Free time at pool/spa > Return to Cape Town.,- Guaranteed Big 5 reserve access | - Priority seating on same vehicle as your group | - Conservation levy included (no surprise fees),- Max 12 guests per transfer vs competitor coaches | - Complimentary binocular loan & animal checklist | - Onboard Wi?Fi & USB charging,"Return transport, breakfast, game drive, lunch, ranger, conservation fee, water.","Spa treatments, drinks at bar, gratuities.",3400,aquila safari day trip,cape town big 5 safari|aquila game reserve tour|one day safari,"safari from cape town, aquila wildlife, karoo game drive","Q:Is this tour suitable for kids? A:Yes, 3+; half price under 11.||Q:What animals can we see? A:Big 5 plus giraffe, hippo & more.","{ '@context': 'https://schema.org', '@type': 'TouristTrip', 'name': 'Aquila Big 5 Day Safari', 'touristType': 'Adventure tourism' }",/blog/what-to-pack-safari|/conservation,https://www.aquilasafari.com/,Elephant crossing dirt road in front of 4x4 game vehicle,30?sec highlight reel of Big 5 sightings & lodge facilities,Book Safari,Enquire for Overnight,"Saw lions within minutes – transfer was comfy and guide superb.' – Viator, May 2025",Full refund if cancelled 72 h ahead.,,,,,,
Inverdoorn Exclusive Day Safari,inverdoorn-safari-tour,Inverdoorn Exclusive Safari | Limited 20 Guests • Day Trip,"Boutique Big 5 safari in the Tankwa Karoo with cheetah conservation focus, limited to 20 guests per day. Return transport & gourmet lunch included.","Safari, Reimagined for Exclusivity",Cheetahs • Karoo Vistas • Small?Group Luxury,Escape the crowds on a reserve dedicated to conservation and intimate wildlife encounters.,Cape Town pickup > Kasteelspoort pass photo stop > Inverdoorn welcome drinks & snacks > 3?h premium game drive > Cheetah rescue center tour > Slow?food lunch > Relax by pool or gift shop > Return.,- Only 20 visitors per day | - Expert tracker ranger in open cruiser | - Cheetah rehab educational tour,- Onboard Wi?Fi and wildlife field guide book | - Scenic Karoo photo stop en?route | - Free digital photo pack post?tour,"Transport, welcome snacks, game drive, lunch, cheetah tour, water, Wi?Fi.","Drinks, gratuities.",3800,inverdoorn day safari,exclusive big 5 safari|karoo safari|cheetah conservation tour,"cape town boutique safari, inverdoorn game reserve tour",Q:How far is the reserve? A:2.5 h scenic drive.||Q:Is there a minimum age? A:Children 4+ welcome.,"{ '@context': 'https://schema.org', '@type': 'TouristTrip', 'name': 'Inverdoorn Exclusive Day Safari' }",/blog/inverdoorn-vs-aquila|/cheetah-project,https://inverdoorn.com/,Cheetah sprinting across semi?desert plain at Inverdoorn,Slow?motion cheetah run clip with narration about conservation,Secure Limited Seat,Chat About Overnights,"Felt like a private safari – only two vehicles out!' – Google, Jan 2025",Refund 7 days prior.,,,,,,
Hermanus Whale Watching Cruise,hermanus-whale-watching-tour,Whale Watching Day Tour from Cape Town | Boat Ticket Included,"Seasonal small?group tour to Hermanus with 2?hour whale watching cruise, cliff?path walk & penguin stop. June–Nov only, hotel pickups.",Meet the Giants of the Southern Ocean,Whales • Wine • Coastal Wonders,Experience the world capital of land & boat?based whale watching with added local flavours.,Coastal drive on Clarence Drive > Hermanus boat trip (Southern Right Whales) > Free time on cliff path > Hemel?en?Aarde wine tasting > Stony Point penguin colony > Return.,- Guaranteed seat on top?rated operator | - Marine biologist commentary onboard | - Penguin & wine bonus stops,- Photos & sightings log emailed next day | - Sea?sickness wristbands provided | - 24?h weather rebooking guarantee,"Transport, boat ticket, wine tasting, penguin entry, snacks.",Lunch in Hermanus (choice of eateries).,1950,hermanus whale watching tour,whale boat cruise cape town|southern right whales|whale route tour,"hermanus whale season, whale watching day trip, cape town to hermanus tour","Q:When is peak whale season? A:Sep & Oct for mating & calving.||Q:Are life jackets provided? A:Yes, mandatory on boat.","{ '@context': 'https://schema.org', '@type': 'TouristTrip', 'name': 'Hermanus Whale Watching Tour' }",/blog/whale-season-guide|/terms,https://hermanuswhalewatchers.co.za/,Southern Right Whale breaching near Hermanus boat,Drone & onboard footage montage of breaches set to music,Check Seats,Ask a Question,"Saw three breaches – unforgettable!' – Facebook, Oct 2024",Full refund if trip cancelled by weather.,,,,,,
Atlantis Dunes Sandboard & ATV,atlantis-sand-dunes-adventure,Sandboarding & Quad Biking | Atlantis Dunes Half?Day Adventure,Ride pure white dunes just 45 min from Cape Town: sandboard lesson & 1?h quad bike combo with small?group transport and permits included.,"Surf the Sand, Ride the Dunes",Adrenaline in a Desert of Snow?White Sand,Carve 50?m dunes by board then rev an ATV across the Atlantis wilderness – eco?permits sorted.,Hotel pickup > safety briefing > sandboarding session (unlimited rides) > refreshment break > 1?h guided quad bike trail > celebratory cold beverage > return.,- One board per person (no waiting) | - Free GoPro photos & videos | - Min 2 guests – always departs,- Sunset braai upgrade available | - Environmental briefing on aquifer & dune conservation | - Kids boards & 80cc quads for ages 8–11,"Transport, dune permit, board & helmet, quad bike, guide, snack & drink, media pack.","Lunch, gratuity.",2100,atlantis dunes sandboarding,sandboard cape town|quad bike dunes|atlantis adventure,"atlantis sand dunes tour, cape town sandboarding, atv cape town dunes","Q:Do I need experience? A:No, full tutorial given.||Q:Weight limit? A:120 kg for boards, 100 kg for quads.","{ '@context': 'https://schema.org', '@type': 'TouristTrip', 'name': 'Atlantis Dunes Sandboard & ATV' }",/blog/sandboarding-tips|/gear,https://www.capextreme.com/inventory/sandboarding-cape-town,Rider kicking sand while carving a steep dune,"POV sandboard run with metrics overlay (speed, angle)",Shred the Dunes,Gift a Voucher,"Best adrenaline rush in Cape Town!' – Instagram, Mar 2025",Free cancel 24 h.,,,,,,
Signal Hill Tandem Paragliding,cape-town-paragliding,Paragliding Cape Town | Tandem Flight Signal Hill & Lions Head,"Soar above Atlantic beaches on a 10?15 min tandem paraglide with SAHPA?licensed pilot, hotel transfers & in?flight photos included.",Fly Table Mountain’s Skies,No Experience Needed — Just the Will to Fly,"Launch from Signal Hill or Lion’s Head and glide over Camps Bay, landing on the soft sand near the ocean.",Pickup > pre?flight safety & harness briefing > tandem flight 10?15 min (weather dependent) > landing at Sea Point promenade > transfer back.,- R1?800 flight price with media pack included | - Real?time weather updates via SMS | - Free reschedule if wind changes,- Hotel transfers vs competitors’ meet?at?launch | - Pilots average 2?000+ hours flight time | - Weight range 20–120?kg accommodated,"Tandem flight, pilot, helmet, photos/video, transfers.",Optional T?shirt.,2200,paragliding cape town,signal hill paraglide|lions head paragliding|tandem paragliding south africa,"cape town adventure activities, paragliding experience, fly cape town price",Q:Can we choose flight time? A:We confirm best wind slot on booking day.||Q:Is it scary? A:Take?off is a gentle run; pilots control everything.,"{ '@context': 'https://schema.org', '@type': 'TouristTrip', 'name': 'Signal Hill Tandem Paragliding' }",/blog/paragliding-faq|/gift-vouchers,https://flycapetown.co.za/,Tandem paraglider above blue Atlantic with Twelve Apostles below,360?degree VR flight video,Book a Flight,Buy Gift Voucher,"Bucket?list ticked! Felt completely safe.' – Google, Jun 2025",Cancel free anytime before wind confirmation.,,,,,,
Cape Town Tandem Skydive,cape-town-skydive,Tandem Skydive Cape Town | 10?000 ft Leap & Freefall Video,Experience 30?sec freefall over Table Bay on a certified tandem skydive with return transfers & handicam video included.,Leap Into the Ultimate Cape Town Thrill,120?mph Freefall with Table Mountain Views,Jump from 10?000 ft with some of SA’s most experienced skydivers and capture every scream on camera.,Hotel pickup > safety & harness briefing > scenic plane ride 20 min > 30?sec freefall & 5?min parachute glide > certificate presentation > toast with local MCC bubbly > return.,- R3?950 jump + free video (R400 value) | - Transfers included | - Flexible slot swap for weather,- Live chat support for nervous first?timers | - Option to combine with afternoon Winelands tasting | - Highest safety rating (PA),"Jump, gear, instructor, handicam media, bubbly, transfers.",Outside camera crew (upgrade).,4000,skydiving cape town,tandem skydive|cape town skydive price|skydive table mountain view,"adrenaline activities cape town, skydive south africa, tandem parachute jump",Q:Weight limit? A:Max 100 kg; extra 90–100 kg surcharge.||Q:Can glasses be worn? A:Goggles fit over specs.,"{ '@context': 'https://schema.org', '@type': 'TouristTrip', 'name': 'Cape Town Tandem Skydive' }",/blog/prepare-skydive|/combo-skywine,https://www.skydivecapetown.co.za/,Tandem pair freefalling with Table Mountain in background,Split?screen: guest reaction pre? and post?jump,Jump Now,Request Private Plane,"Scenery out of this world – super pro team.' – TripAdvisor, Nov 2024",Weather?flexible reschedule or refund.,,,,,,
Gansbaai Shark Cage Diving,shark-cage-diving-gansbaai,Shark Cage Diving from Cape Town | Marine Dynamics & Penguins,"Ethical shark cage dive in Gansbaai with marine biologist, GoPro footage & penguin sanctuary visit. Transport + breakfast & soup included.",Come Face?to?Face with Apex Predators,Safe • Ethical • Thrilling,Dive into the world of sharks on South Africa’s leading conservation?focused operator.,Early pickup 04:30 > breakfast & safety at harbor > 3–4 h boat trip & cage sessions > hot soup & debrief > African Penguin & Seabird Sanctuary stop > scenic coastal return.,- R3?500 all?in incl. GoPro footage | - Marine biologist onboard | - Seasick kit provided,- Portion of fee funds Dyer Island Conservation Trust | - Free re?dive voucher if no shark sighting | - Max 8 divers per cage session,"Transfers, breakfast, dive gear, cage dive, soup, video, sanctuary entry.","Soft drinks on boat, gratuities.",3500,shark cage diving cape town,gansbaai shark diving|marine dynamics shark tour|great white cage dive,"shark diving south africa, ethical shark tours, shark conservation trip","Q:Do I need scuba cert? A:No, breath?hold surface cage.||Q:Water temp? A:13–17?°C; wetsuit provided.","{ '@context': 'https://schema.org', '@type': 'TouristTrip', 'name': 'Gansbaai Shark Cage Diving' }",/blog/shark-safety|/eco-pledge,https://sharkwatchsa.com/rates-and-info/,"Great white shark approaching cage, guests watching",First?person GoPro clip of shark pass?by,Dive with Sharks,Gift Voucher,"Adrenaline meets education – fantastic crew.' – YouTube review, Aug 2024",100?% refund if trip cancelled by sea conditions.,,,,,,
Winelands Sunrise Balloon Flight,winelands-hot-air-balloon,Hot Air Ballooning Cape Winelands | Sunrise Flight & Breakfast,Limited?edition sunrise balloon ride over Paarl & Stellenbosch vineyards with champagne breakfast and private transfers from Cape Town.,Float Over Vineyards at Dawn,Romance & Panoramas from the Sky,"A bucket?list dawn lift?off revealing the Cape Winelands in golden light, followed by gourmet farm breakfast.",03:30 pickup > meet crew at launch site & warm drinks > passenger participation in inflation > 1?h sunrise flight > champagne landing toast > breakfast at historic estate > optional wine tasting > return by noon.,- R4?600 incl. private transfer | - Champagne & farm?fresh breakfast | - CAA?licensed pilot with 2?000+ hrs,- Weather guarantee: rebook or refund | - Complimentary flight certificate & photo set | - Add?on picnic or wine tour,"Transfers, flight, pilot, champagne, breakfast, photos.",Optional tasting fee.,4600,hot air balloon cape town,winelands balloon flight|paarl hot air balloon ride|sunrise ballooning south africa,"romantic balloon ride, balloon flights near cape town, wineland ballooning price",Q:How high do we fly? A:300?900?m above ground.||Q:What if weather cancels? A:Full refund or reschedule.,"{ '@context': 'https://schema.org', '@type': 'TouristTrip', 'name': 'Winelands Sunrise Balloon Flight' }",/blog/ballooning-guide|/contact,https://www.absoluteadventures.co.za/product/hot-air-ballooning-in-the-cape/,Colorful balloon floating above vineyard rows at sunrise,Time?lapse from inflation to landing,Check Launch Dates,Make it Private,"Truly magical – worth the early start.' – Google, Dec 2024",Weather cancel = full refund.,,,,,,
Muizenberg Beach,muizenberg-beach,Muizenberg Beach | Cape Town Attraction & Tour Info,"Discover Muizenberg Beach with our in-depth guide: history, best times to visit, insider tips and small?group tour options.",Visit Muizenberg Beach,Explore Muizenberg Beach,"Experience Muizenberg Beach, one of Cape Town's essential sights, with expert commentary and plenty of photo opportunities.",Hotel pick?up > scenic drive > guided visit at Muizenberg Beach > free time for photos/snacks > return.,"- Guided insights into Muizenberg Beach
- Plenty of photo stops
- Small groups","- Flexible departure times
- Free cancellation 24?h
- Family?friendly guide","Transport, expert guide, bottled water","Food/drinks, gratuities",350,muizenberg beach,muizenberg beach tour|muizenberg-beach guide,"muizenberg beach visit, things to do in muizenberg",Q:How long at site? A:Approx 45?min.||Q:Any entrance fee? A:Included if applicable.,"{ ""@context"": ""https://schema.org"", ""@type"": ""TouristAttraction"", ""name"": ""Muizenberg Beach"" }",,,Panoramic view of Muizenberg Beach in Cape Town,,Add to Itinerary,Enquire Private Tour,"""Must?see stop in Cape Town!"" – Recent guest",Free cancel up to 24?h.,,,,,,
Simon's Town,simon-s-town,Simon's Town | Cape Town Attraction & Tour Info,"Discover Simon's Town with our in-depth guide: history, best times to visit, insider tips and small?group tour options.",Visit Simon's Town,Explore Simon's Town,"Experience Simon's Town, one of Cape Town's essential sights, with expert commentary and plenty of photo opportunities.",Hotel pick?up > scenic drive > guided visit at Simon's Town > free time for photos/snacks > return.,"- Guided insights into Simon's Town
- Plenty of photo stops
- Small groups","- Flexible departure times
- Free cancellation 24?h
- Family?friendly guide","Transport, expert guide, bottled water","Food/drinks, gratuities",350,simon s town,simon's town tour|simon-s-town guide,"simon's town visit, things to do in simon's",Q:How long at site? A:Approx 45?min.||Q:Any entrance fee? A:Included if applicable.,"{ ""@context"": ""https://schema.org"", ""@type"": ""TouristAttraction"", ""name"": ""Simon's Town"" }",,,Panoramic view of Simon's Town in Cape Town,,Add to Itinerary,Enquire Private Tour,"""Must?see stop in Cape Town!"" – Recent guest",Free cancel up to 24?h.,,,,,,
Boulders Beach Penguin Colony,boulders-beach-penguin-colony,Boulders Beach Penguin Colony | Cape Town Attraction & Tour Info,"Discover Boulders Beach Penguin Colony with our in-depth guide: history, best times to visit, insider tips and small?group tour options.",Visit Boulders Beach Penguin Colony,Explore Boulders Beach Penguin Colony,"Experience Boulders Beach Penguin Colony, one of Cape Town's essential sights, with expert commentary and plenty of photo opportunities.",Hotel pick?up > scenic drive > guided visit at Boulders Beach Penguin Colony > free time for photos/snacks > return.,"- Guided insights into Boulders Beach Penguin Colony
- Plenty of photo stops
- Small groups","- Flexible departure times
- Free cancellation 24?h
- Family?friendly guide","Transport, expert guide, bottled water","Food/drinks, gratuities",350,boulders beach penguin colony,boulders beach penguin colony tour|boulders-beach-penguin-colony guide,"boulders beach penguin colony visit, things to do in boulders",Q:How long at site? A:Approx 45?min.||Q:Any entrance fee? A:Included if applicable.,"{ ""@context"": ""https://schema.org"", ""@type"": ""TouristAttraction"", ""name"": ""Boulders Beach Penguin Colony"" }",,,Panoramic view of Boulders Beach Penguin Colony in Cape Town,,Add to Itinerary,Enquire Private Tour,"""Must?see stop in Cape Town!"" – Recent guest",Free cancel up to 24?h.,,,,,,
Cape of Good Hope,cape-of-good-hope,Cape of Good Hope | Cape Town Attraction & Tour Info,"Discover Cape of Good Hope with our in-depth guide: history, best times to visit, insider tips and small?group tour options.",Visit Cape of Good Hope,Explore Cape of Good Hope,"Experience Cape of Good Hope, one of Cape Town's essential sights, with expert commentary and plenty of photo opportunities.",Hotel pick?up > scenic drive > guided visit at Cape of Good Hope > free time for photos/snacks > return.,"- Guided insights into Cape of Good Hope
- Plenty of photo stops
- Small groups","- Flexible departure times
- Free cancellation 24?h
- Family?friendly guide","Transport, expert guide, bottled water","Food/drinks, gratuities",350,cape of good hope,cape of good hope tour|cape-of-good-hope guide,"cape of good hope visit, things to do in cape",Q:How long at site? A:Approx 45?min.||Q:Any entrance fee? A:Included if applicable.,"{ ""@context"": ""https://schema.org"", ""@type"": ""TouristAttraction"", ""name"": ""Cape of Good Hope"" }",,,Panoramic view of Cape of Good Hope in Cape Town,,Add to Itinerary,Enquire Private Tour,"""Must?see stop in Cape Town!"" – Recent guest",Free cancel up to 24?h.,,,,,,
Cape Point Lighthouse,cape-point-lighthouse,Cape Point Lighthouse | Cape Town Attraction & Tour Info,"Discover Cape Point Lighthouse with our in-depth guide: history, best times to visit, insider tips and small?group tour options.",Visit Cape Point Lighthouse,Explore Cape Point Lighthouse,"Experience Cape Point Lighthouse, one of Cape Town's essential sights, with expert commentary and plenty of photo opportunities.",Hotel pick?up > scenic drive > guided visit at Cape Point Lighthouse > free time for photos/snacks > return.,"- Guided insights into Cape Point Lighthouse
- Plenty of photo stops
- Small groups","- Flexible departure times
- Free cancellation 24?h
- Family?friendly guide","Transport, expert guide, bottled water","Food/drinks, gratuities",350,cape point lighthouse,cape point lighthouse tour|cape-point-lighthouse guide,"cape point lighthouse visit, things to do in cape",Q:How long at site? A:Approx 45?min.||Q:Any entrance fee? A:Included if applicable.,"{ ""@context"": ""https://schema.org"", ""@type"": ""TouristAttraction"", ""name"": ""Cape Point Lighthouse"" }",,,Panoramic view of Cape Point Lighthouse in Cape Town,,Add to Itinerary,Enquire Private Tour,"""Must?see stop in Cape Town!"" – Recent guest",Free cancel up to 24?h.,,,,,,
Chapman's Peak Drive,chapman-s-peak-drive,Chapman's Peak Drive | Cape Town Attraction & Tour Info,"Discover Chapman's Peak Drive with our in-depth guide: history, best times to visit, insider tips and small?group tour options.",Visit Chapman's Peak Drive,Explore Chapman's Peak Drive,"Experience Chapman's Peak Drive, one of Cape Town's essential sights, with expert commentary and plenty of photo opportunities.",Hotel pick?up > scenic drive > guided visit at Chapman's Peak Drive > free time for photos/snacks > return.,"- Guided insights into Chapman's Peak Drive
- Plenty of photo stops
- Small groups","- Flexible departure times
- Free cancellation 24?h
- Family?friendly guide","Transport, expert guide, bottled water","Food/drinks, gratuities",350,chapman s peak drive,chapman's peak drive tour|chapman-s-peak-drive guide,"chapman's peak drive visit, things to do in chapman's",Q:How long at site? A:Approx 45?min.||Q:Any entrance fee? A:Included if applicable.,"{ ""@context"": ""https://schema.org"", ""@type"": ""TouristAttraction"", ""name"": ""Chapman's Peak Drive"" }",,,Panoramic view of Chapman's Peak Drive in Cape Town,,Add to Itinerary,Enquire Private Tour,"""Must?see stop in Cape Town!"" – Recent guest",Free cancel up to 24?h.,,,,,,
Hout Bay Harbour,hout-bay-harbour,Hout Bay Harbour | Cape Town Attraction & Tour Info,"Discover Hout Bay Harbour with our in-depth guide: history, best times to visit, insider tips and small?group tour options.",Visit Hout Bay Harbour,Explore Hout Bay Harbour,"Experience Hout Bay Harbour, one of Cape Town's essential sights, with expert commentary and plenty of photo opportunities.",Hotel pick?up > scenic drive > guided visit at Hout Bay Harbour > free time for photos/snacks > return.,"- Guided insights into Hout Bay Harbour
- Plenty of photo stops
- Small groups","- Flexible departure times
- Free cancellation 24?h
- Family?friendly guide","Transport, expert guide, bottled water","Food/drinks, gratuities",350,hout bay harbour,hout bay harbour tour|hout-bay-harbour guide,"hout bay harbour visit, things to do in hout",Q:How long at site? A:Approx 45?min.||Q:Any entrance fee? A:Included if applicable.,"{ ""@context"": ""https://schema.org"", ""@type"": ""TouristAttraction"", ""name"": ""Hout Bay Harbour"" }",,,Panoramic view of Hout Bay Harbour in Cape Town,,Add to Itinerary,Enquire Private Tour,"""Must?see stop in Cape Town!"" – Recent guest",Free cancel up to 24?h.,,,,,,
V&A Waterfront,v-a-waterfront,V&A Waterfront | Cape Town Attraction & Tour Info,"Discover V&A Waterfront with our in-depth guide: history, best times to visit, insider tips and small?group tour options.",Visit V&A Waterfront,Explore V&A Waterfront,"Experience V&A Waterfront, one of Cape Town's essential sights, with expert commentary and plenty of photo opportunities.",Hotel pick?up > scenic drive > guided visit at V&A Waterfront > free time for photos/snacks > return.,"- Guided insights into V&A Waterfront
- Plenty of photo stops
- Small groups","- Flexible departure times
- Free cancellation 24?h
- Family?friendly guide","Transport, expert guide, bottled water","Food/drinks, gratuities",350,v a waterfront,v&a waterfront tour|v-a-waterfront guide,"v&a waterfront visit, things to do in v&a",Q:How long at site? A:Approx 45?min.||Q:Any entrance fee? A:Included if applicable.,"{ ""@context"": ""https://schema.org"", ""@type"": ""TouristAttraction"", ""name"": ""V&A Waterfront"" }",,,Panoramic view of V&A Waterfront in Cape Town,,Add to Itinerary,Enquire Private Tour,"""Must?see stop in Cape Town!"" – Recent guest",Free cancel up to 24?h.,,,,,,
Sea Point Promenade,sea-point-promenade,Sea Point Promenade | Cape Town Attraction & Tour Info,"Discover Sea Point Promenade with our in-depth guide: history, best times to visit, insider tips and small?group tour options.",Visit Sea Point Promenade,Explore Sea Point Promenade,"Experience Sea Point Promenade, one of Cape Town's essential sights, with expert commentary and plenty of photo opportunities.",Hotel pick?up > scenic drive > guided visit at Sea Point Promenade > free time for photos/snacks > return.,"- Guided insights into Sea Point Promenade
- Plenty of photo stops
- Small groups","- Flexible departure times
- Free cancellation 24?h
- Family?friendly guide","Transport, expert guide, bottled water","Food/drinks, gratuities",350,sea point promenade,sea point promenade tour|sea-point-promenade guide,"sea point promenade visit, things to do in sea",Q:How long at site? A:Approx 45?min.||Q:Any entrance fee? A:Included if applicable.,"{ ""@context"": ""https://schema.org"", ""@type"": ""TouristAttraction"", ""name"": ""Sea Point Promenade"" }",,,Panoramic view of Sea Point Promenade in Cape Town,,Add to Itinerary,Enquire Private Tour,"""Must?see stop in Cape Town!"" – Recent guest",Free cancel up to 24?h.,,,,,,
Maiden's Cove,maiden-s-cove,Maiden's Cove | Cape Town Attraction & Tour Info,"Discover Maiden's Cove with our in-depth guide: history, best times to visit, insider tips and small?group tour options.",Visit Maiden's Cove,Explore Maiden's Cove,"Experience Maiden's Cove, one of Cape Town's essential sights, with expert commentary and plenty of photo opportunities.",Hotel pick?up > scenic drive > guided visit at Maiden's Cove > free time for photos/snacks > return.,"- Guided insights into Maiden's Cove
- Plenty of photo stops
- Small groups","- Flexible departure times
- Free cancellation 24?h
- Family?friendly guide","Transport, expert guide, bottled water","Food/drinks, gratuities",350,maiden s cove,maiden's cove tour|maiden-s-cove guide,"maiden's cove visit, things to do in maiden's",Q:How long at site? A:Approx 45?min.||Q:Any entrance fee? A:Included if applicable.,"{ ""@context"": ""https://schema.org"", ""@type"": ""TouristAttraction"", ""name"": ""Maiden's Cove"" }",,,Panoramic view of Maiden's Cove in Cape Town,,Add to Itinerary,Enquire Private Tour,"""Must?see stop in Cape Town!"" – Recent guest",Free cancel up to 24?h.,,,,,,
Camps Bay Beach,camps-bay-beach,Camps Bay Beach | Cape Town Attraction & Tour Info,"Discover Camps Bay Beach with our in-depth guide: history, best times to visit, insider tips and small?group tour options.",Visit Camps Bay Beach,Explore Camps Bay Beach,"Experience Camps Bay Beach, one of Cape Town's essential sights, with expert commentary and plenty of photo opportunities.",Hotel pick?up > scenic drive > guided visit at Camps Bay Beach > free time for photos/snacks > return.,"- Guided insights into Camps Bay Beach
- Plenty of photo stops
- Small groups","- Flexible departure times
- Free cancellation 24?h
- Family?friendly guide","Transport, expert guide, bottled water","Food/drinks, gratuities",350,camps bay beach,camps bay beach tour|camps-bay-beach guide,"camps bay beach visit, things to do in camps",Q:How long at site? A:Approx 45?min.||Q:Any entrance fee? A:Included if applicable.,"{ ""@context"": ""https://schema.org"", ""@type"": ""TouristAttraction"", ""name"": ""Camps Bay Beach"" }",,,Panoramic view of Camps Bay Beach in Cape Town,,Add to Itinerary,Enquire Private Tour,"""Must?see stop in Cape Town!"" – Recent guest",Free cancel up to 24?h.,,,,,,
Table Mountain Cableway,table-mountain-cableway,Table Mountain Cableway | Cape Town Attraction & Tour Info,"Discover Table Mountain Cableway with our in-depth guide: history, best times to visit, insider tips and small?group tour options.",Visit Table Mountain Cableway,Explore Table Mountain Cableway,"Experience Table Mountain Cableway, one of Cape Town's essential sights, with expert commentary and plenty of photo opportunities.",Hotel pick?up > scenic drive > guided visit at Table Mountain Cableway > free time for photos/snacks > return.,"- Guided insights into Table Mountain Cableway
- Plenty of photo stops
- Small groups","- Flexible departure times
- Free cancellation 24?h
- Family?friendly guide","Transport, expert guide, bottled water","Food/drinks, gratuities",350,table mountain cableway,table mountain cableway tour|table-mountain-cableway guide,"table mountain cableway visit, things to do in table",Q:How long at site? A:Approx 45?min.||Q:Any entrance fee? A:Included if applicable.,"{ ""@context"": ""https://schema.org"", ""@type"": ""TouristAttraction"", ""name"": ""Table Mountain Cableway"" }",,,Panoramic view of Table Mountain Cableway in Cape Town,,Add to Itinerary,Enquire Private Tour,"""Must?see stop in Cape Town!"" – Recent guest",Free cancel up to 24?h.,,,,,,
Bo-Kaap Heritage Quarter,bo-kaap-heritage-quarter,Bo-Kaap Heritage Quarter | Cape Town Attraction & Tour Info,"Discover Bo-Kaap Heritage Quarter with our in-depth guide: history, best times to visit, insider tips and small?group tour options.",Visit Bo-Kaap Heritage Quarter,Explore Bo-Kaap Heritage Quarter,"Experience Bo-Kaap Heritage Quarter, one of Cape Town's essential sights, with expert commentary and plenty of photo opportunities.",Hotel pick?up > scenic drive > guided visit at Bo-Kaap Heritage Quarter > free time for photos/snacks > return.,"- Guided insights into Bo-Kaap Heritage Quarter
- Plenty of photo stops
- Small groups","- Flexible departure times
- Free cancellation 24?h
- Family?friendly guide","Transport, expert guide, bottled water","Food/drinks, gratuities",350,bo kaap heritage quarter,bo-kaap heritage quarter tour|bo-kaap-heritage-quarter guide,"bo-kaap heritage quarter visit, things to do in bo-kaap",Q:How long at site? A:Approx 45?min.||Q:Any entrance fee? A:Included if applicable.,"{ ""@context"": ""https://schema.org"", ""@type"": ""TouristAttraction"", ""name"": ""Bo-Kaap Heritage Quarter"" }",,,Panoramic view of Bo-Kaap Heritage Quarter in Cape Town,,Add to Itinerary,Enquire Private Tour,"""Must?see stop in Cape Town!"" – Recent guest",Free cancel up to 24?h.,,,,,,
Babylonstoren Wine Estate,babylonstoren-wine-estate,Babylonstoren Wine Estate | Cape Town Attraction & Tour Info,"Discover Babylonstoren Wine Estate with our in-depth guide: history, best times to visit, insider tips and small?group tour options.",Visit Babylonstoren Wine Estate,Explore Babylonstoren Wine Estate,"Experience Babylonstoren Wine Estate, one of Cape Town's essential sights, with expert commentary and plenty of photo opportunities.",Hotel pick?up > scenic drive > guided visit at Babylonstoren Wine Estate > free time for photos/snacks > return.,"- Guided insights into Babylonstoren Wine Estate
- Plenty of photo stops
- Small groups","- Flexible departure times
- Free cancellation 24?h
- Family?friendly guide","Transport, expert guide, bottled water","Food/drinks, gratuities",350,babylonstoren wine estate,babylonstoren wine estate tour|babylonstoren-wine-estate guide,"babylonstoren wine estate visit, things to do in babylonstoren",Q:How long at site? A:Approx 45?min.||Q:Any entrance fee? A:Included if applicable.,"{ ""@context"": ""https://schema.org"", ""@type"": ""TouristAttraction"", ""name"": ""Babylonstoren Wine Estate"" }",,,Panoramic view of Babylonstoren Wine Estate in Cape Town,,Add to Itinerary,Enquire Private Tour,"""Must?see stop in Cape Town!"" – Recent guest",Free cancel up to 24?h.,,,,,,
Boschendal Wine Estate,boschendal-wine-estate,Boschendal Wine Estate | Cape Town Attraction & Tour Info,"Discover Boschendal Wine Estate with our in-depth guide: history, best times to visit, insider tips and small?group tour options.",Visit Boschendal Wine Estate,Explore Boschendal Wine Estate,"Experience Boschendal Wine Estate, one of Cape Town's essential sights, with expert commentary and plenty of photo opportunities.",Hotel pick?up > scenic drive > guided visit at Boschendal Wine Estate > free time for photos/snacks > return.,"- Guided insights into Boschendal Wine Estate
- Plenty of photo stops
- Small groups","- Flexible departure times
- Free cancellation 24?h
- Family?friendly guide","Transport, expert guide, bottled water","Food/drinks, gratuities",350,boschendal wine estate,boschendal wine estate tour|boschendal-wine-estate guide,"boschendal wine estate visit, things to do in boschendal",Q:How long at site? A:Approx 45?min.||Q:Any entrance fee? A:Included if applicable.,"{ ""@context"": ""https://schema.org"", ""@type"": ""TouristAttraction"", ""name"": ""Boschendal Wine Estate"" }",,,Panoramic view of Boschendal Wine Estate in Cape Town,,Add to Itinerary,Enquire Private Tour,"""Must?see stop in Cape Town!"" – Recent guest",Free cancel up to 24?h.,,,,,,
Delaire Graff Estate,delaire-graff-estate,Delaire Graff Estate | Cape Town Attraction & Tour Info,"Discover Delaire Graff Estate with our in-depth guide: history, best times to visit, insider tips and small?group tour options.",Visit Delaire Graff Estate,Explore Delaire Graff Estate,"Experience Delaire Graff Estate, one of Cape Town's essential sights, with expert commentary and plenty of photo opportunities.",Hotel pick?up > scenic drive > guided visit at Delaire Graff Estate > free time for photos/snacks > return.,"- Guided insights into Delaire Graff Estate
- Plenty of photo stops
- Small groups","- Flexible departure times
- Free cancellation 24?h
- Family?friendly guide","Transport, expert guide, bottled water","Food/drinks, gratuities",350,delaire graff estate,delaire graff estate tour|delaire-graff-estate guide,"delaire graff estate visit, things to do in delaire",Q:How long at site? A:Approx 45?min.||Q:Any entrance fee? A:Included if applicable.,"{ ""@context"": ""https://schema.org"", ""@type"": ""TouristAttraction"", ""name"": ""Delaire Graff Estate"" }",,,Panoramic view of Delaire Graff Estate in Cape Town,,Add to Itinerary,Enquire Private Tour,"""Must?see stop in Cape Town!"" – Recent guest",Free cancel up to 24?h.,,,,,,
Tokara Wine Estate,tokara-wine-estate,Tokara Wine Estate | Cape Town Attraction & Tour Info,"Discover Tokara Wine Estate with our in-depth guide: history, best times to visit, insider tips and small?group tour options.",Visit Tokara Wine Estate,Explore Tokara Wine Estate,"Experience Tokara Wine Estate, one of Cape Town's essential sights, with expert commentary and plenty of photo opportunities.",Hotel pick?up > scenic drive > guided visit at Tokara Wine Estate > free time for photos/snacks > return.,"- Guided insights into Tokara Wine Estate
- Plenty of photo stops
- Small groups","- Flexible departure times
- Free cancellation 24?h
- Family?friendly guide","Transport, expert guide, bottled water","Food/drinks, gratuities",350,tokara wine estate,tokara wine estate tour|tokara-wine-estate guide,"tokara wine estate visit, things to do in tokara",Q:How long at site? A:Approx 45?min.||Q:Any entrance fee? A:Included if applicable.,"{ ""@context"": ""https://schema.org"", ""@type"": ""TouristAttraction"", ""name"": ""Tokara Wine Estate"" }",,,Panoramic view of Tokara Wine Estate in Cape Town,,Add to Itinerary,Enquire Private Tour,"""Must?see stop in Cape Town!"" – Recent guest",Free cancel up to 24?h.,,,,,,
